title,url,date,text
Раскрыты подробности о переговорах по Украине,https://lenta.ru/news/2025/04/14/raskryty-podrobnosti-o-peregovorah-po-ukraine/,2025-04-14 00:21:00,Первый заместитель постпреда России при ООН Дмитрий Полянский прокомментировал переговоры по урегулированию конфликта на Украине. Об этом он высказался в беседе с «Известиями».
Россия обвинила Украину в отсутствии переговоров по урегулированию,https://lenta.ru/news/2025/04/14/rossiya-obvinila-ukrainu-v-otsutstvii-peregovorov-po-uregulirovaniyu/,2025-04-14 00:21:00,"В том, что между Россией и Украиной нет переговоров по урегулированию конфликта, виновата украинская сторона. Об этом заявил замглавы МИД РФ Михаил Галузин в беседе с «Известиями».
«К сожалению, на протяжении всего периода украинского кризиса киевское руководство демонстрировало свою недоговороспособность и полное отсутствие устремлений к миру», — подчеркнул чиновник.
Он отметил, что и сейчас Киев показывает свою неготовность к урегулированию. Галузин напомнил, что с середины марта существует договоренность, согласно которой стороны отказались атаковать объекты энергетической инфраструктуры друг друга, однако Украина этого соглашения не придерживается.
«На деле мы видим практически ежедневные атаки на энергообъекты Российской Федерации», — резюмировал чиновник.
Ранее директор второго департамента стран СНГ МИД РФ Алексей Полищук заявил, что Россия открыта к обсуждениям с Украиной предложений, учитывающих реалии."
В «Зените» назвали провокацией информацию о премиях за матч с лидером РПЛ,https://lenta.ru/news/2025/04/14/v-zenite-nazvali-provokatsiey-informatsiyu-o-premiyah-za-match-s-liderom-rpl/,2025-04-14 00:17:00,"Председатель правления петербургского «Зенита» Александр Медведев прокомментировал информацию о призовых игрокам команды за победу над «Краснодаром» в матче 24-го тура Российской премьер-лиги (РПЛ). Его слова приводит «Спорт-Экспресс».
Медведев назвал информацию провокацией. Он заявил, что слухи распространили агенты.
Ранее Sport24 сообщил, что в случае победы над «Краснодаром» каждому игроку сине-бело-голубых обещали по 110 тысяч евро. При этом при разгромном выигрыше с разницей в три мяча и более — по 250 тысяч евро.
13 апреля «Зенит» одержал разгромную победу над лидирующим в РПЛ «Краснодаром». Встреча прошла на стадионе «Санкт-Петербург» и завершилась со счетом 4:1 в пользу хозяев."
В России испытают очки виртуальной реальности для РОС,https://lenta.ru/news/2025/04/14/v-rossii-ispytayut-ochki-virtualnoy-realnosti-dlya-ros/,2025-04-14 00:15:00,"Ученые испытывают различные очки виртуальной реальности для применения на перспективной Российской орбитальной станции (РОС). Очки хотят использовать для оказания психологической поддержки космонавтам, сообщил ТАСС врач-психолог, заведующий лабораторией психофизиологического обеспечения полетов и экстремальной деятельности Института медико-биологических проблем (ИМБП) РАН Олег Рюмин.
Он отметил, что пока технологию виртуальной реальности не применяют, но ее оттачивают в ходе различных экспериментов, включая длительный изоляционный эксперимент SIRIUS. Рюмин подчеркнул, что в ходе тестирования различных очков исследователи получили положительную оценку от членов экипажей.
«По их словам, технология очень здорово помогает в условиях длительной изоляции. Сейчас мы находимся на стадии тестирования различных очков виртуальной реальности, которые можно будет использовать на перспективной РОС», — сказал заведующий лабораторией.
Специалист подчеркнул, что технология будет актуальна не только на борту станции, но и в ходе перспективных межпланетных полетов. Очки могут оказать поддержку космонавтам, которые длительное время находятся в условиях дефицита информации.
В январе генконструктор Ракетно-космической корпорации «Энергия», академик РАН Владимир Соловьев сообщил, что запуск научно-энергетического модуля перспективной РОС намечен на конец 2027 года."
14 апреля: какой праздник отмечают в России и мире,https://lenta.ru/news/2025/04/14/-aprelya-kakoy-prazdnik-segodnya-otmechayut-v-rossii-i-mire/,2025-04-14 00:05:00,"14 апреля в России отмечают День медицинской службы уголовно-исполнительной системы. В США в этот день празднуют Национальный день бывших супругов. Для православных верующих начинается последняя неделя Великого поста. Подробнее о торжествах, приметах и именинниках 14 апреля — в материале «Ленты.ру».
Праздник учредили в память о докторе Федоре Гаазе, который, будучи главным врачом московских тюрем, в 1829 году обратился к князю Голицыну — Гааз попросил уполномочить его следить за здоровьем всех московских арестантов. Позже врачебные обследования заключенных стали регулярными, что впоследствии привело к созданию специализированной медицинской службы.
Официально праздник начали отмечать в России в 2011 году. В этот день принято поздравлять всех медицинских работников уголовно-исполнительной системы.
Дeнь нeзaвиcимocти cтудeнчecтвa Cpeднeгo Уpaлa;
Старославянский праздник огня (День Семаргла).
Наступление нового календарного года в Бангладеш и западной Бенгалии отмечают 14 апреля. Перед праздником в домах принято делать уборку и накрывать на стол. В торжественный день принято ходить друг к другу в гости и на ярмарки, где продают традиционные сладости и работы местных мастеров. Также на ярмарках обычно выступают артисты.
Крупные бенгальские общины отмечают свой Новый год и в других странах, например, в Австралии праздник широко отмечают жители Сиднея, Мельбурна и Камберры. При этом главным азиатским фестивалем в Европе считается новогодняя бенгальская ярмарка в Лондоне.
День молодежи в Анголе;
Всемирный день квантовой физики;
Национальный день бывших супругов в США.
В возрасте 12 лет Мария ушла из дома и течение последующих 17 лет была блудницей. Однажды она попыталась войти в храм, но сделать ей это не удалось. По преданию, невидимая сила препятствовала девушке.
Тогда она начала молиться перед иконой Божией Матери в притворе храма, после чего смогла зайти в место богослужения и поклониться Кресту. Затем Мария услышала голос Богородицы и ушла в пустыню. Там, в уединении и молитве она провела оставшиеся 47 лет своей жизни. За свой духовный подвиг Мария Египетская была причислена к лику святых. Верующие почитают ее как пример покаяния, благодаря которому даже великий грешник может стать святым.
В первый день Страстной недели Церковь вспоминает ветхозаветного патриарха Иосифа Прекрасного, жизнеописание которого во многом напоминает путь Христа, наполненный страданиями. Помимо ветхозаветной истории, в Великий понедельник верующие вспоминают иссушение Христом бесплодной смоковницы. Дерево, покрытое пышной листвой, но не приносящие плодов, считается символом лицемерия фарисеев и церковных книжников, против которых выступал Иисус Христос.
День памяти мученика Авраамия Болгарского, Владимирского чудотворца;
День памяти преподобного Евфимия, Суздальского чудотворца; 
День памяти преподобного Геронтия, канонарха Печерского.
Если в этот день на улице слышны короткие раскаты грома — в ближайшее время придет солнечная погода;
Молния на закате предвещает дождь;
Большое половодье в этот день — к удачной рыбалке и хорошему сенокосу.
Американский актер и продюсер Эдриан Броуди родился 14 апреля 1973 года. Известность ему принесла главная роль в фильме Романа Полански «Пианист». Позже актер снимался в картинах: «Отель Гранд Будапешт», «Кинг-Конг», «Учитель на замену», также он сыграл в сериале «Острые козырьки». Эдриан Броуди — обладатель премий «Оскар» и «Сезар».
Российская актриса Кристина Асмус родилась 14 апреля 1988 года. Популярность ей принесла роль Вари в сериале «Интерны». Также снималась в фильмах: «Елки», «А зори здесь тихие», «Чемпионы: Быстрее. Выше. Сильнее», «Текст».
Эбигейл Бреслин (29 лет) — американская актриса;
Сара Мишель Геллар (48 лет) — американская актриса и продюсер;
Петр Мамонов (1951-2021) — советский и российский рок-музыкант, певец, актер;
Михаил Врубель (1856-1910) — русский художник."
В небе над Москвой заметили большую букву V,https://lenta.ru/news/2025/04/13/v-nebe-nad-moskvoy-zametili-bolshuyu-bukvu-v/,2025-04-14 00:03:00,"В небе над Москвой и Подмосковье заметили большую букву V, сообщает Telegram-канал Baza.
Скорее всего, это инверсионные следы от самолетов. При этом канал отмечает, что некоторые пользователи в соцсети приняли букву за «химтрейлы». «Понятие из теории заговоров, согласно которым правительство тайно распыляет с пассажирских самолетов некие ""химикаты""; считается, что опознать такие самолеты можно по необычным конденсационным следам», — говорится в публикации.
В марте россияне заметили в небе над Антропово в Костромской области «таинственные спирали». Комментаторы отметили, что, по предварительным данным, это явление связано с запуском ракеты Falcon 9 компании SpaceX, который состоялся с мыса Канаверал во Флориде."
Трамп установил памятник самому себе в своем гольф-клубе,https://lenta.ru/news/2025/04/14/tramp-ustanovil-pamyatnik-samomu-sebe-v-svoem-golf-klube/,2025-04-13 23:58:00,"Президент США Дональд Трамп установил памятник, который изображает его, в своем гольф-клубе Trump International Golf Club. Статую ему подарил предприниматель Энтони Константино. Бизнесмен сообщил об этом в социальной сети X.
Статуя получила название «Монумент непокорности», ее высота составляет примерно 2,1 метра. Она была установлена между одним из зданий гольф-клуба и первой лункой 27-луночного поля для гольфа.
«Он стоит на каменном постаменте с выгравированным на нем именем Энтони Константино», — отмечается в сообщении.
Статуя изображает Трампа, поднявшего руку со сжатым кулаком. Такую позу президент принял после того, как в него выстрелили во время выступления летом 2024 года."
Трамп прокомментировал пошлины США для Китая,https://lenta.ru/news/2025/04/13/tramp-prokommentiroval-poshliny-ssha-dlya-kitaya/,2025-04-13 23:52:00,"Президент США Дональд Трамп заявил, что администрация не делала никаких исключений по тарифам для импортных товаров из КНР. Об этом он написал в социальной сети Truth Social.
Трамп прокомментировал торговые пошлины США для Китая и подчеркнул, что продукты подпадали под существующие 20-процентные пошлины за фентанил. Поэтому они переместились в «другую тарифную корзину».
«Никто не сможет соскочить с крючка за несправедливые торговые балансы и неденежные тарифные барьеры, которые другие страны использовали против нас, особенно Китай, который на сегодняшний день относится к нам хуже всех», — сказал он.
Ранее Китай зеркально повысил импортные пошлины на товары из США до 125 процентов. В комитете по тарифам Госсовета КНР заявили, что крайне высокие пошлины Вашингтона на китайскую продукцию стали серьезным нарушением международных торгово-экономических правил, основных экономических законов и здравого смысла.
2 апреля Трамп подписал указ о повышении импортных пошлин на продукцию из 185 стран. Базовая ставка составила 10 процентов, однако для ряда государств пошлины достигли 30-55 процентов."
Российский военный четыре дня откапывал себя из-под земли,https://lenta.ru/news/2025/04/13/rossiyskiy-voennyy-chetyre-dnya-otkapyval-sebya-iz-pod-zemli/,2025-04-13 23:52:00,"Раненый российский боец четыре дня сам себя откапывал из-под земли, рассказала сестра милосердия АНО «Круги мира» Ирина Гончарова. Об этом пишет «Комсомольская правда» (KP.RU).
Медик, работающая в госпитале, рассказала, что бойцы Вооруженных сил (ВС) России рассказывают ей, сколько друзей они потеряли, как было страшно, как старались выжить вопреки всему.
«Один из таких ребят с перебитыми руками, с ранением в живот восемь дней полз, пока его не вытащили товарищи... Другой рассказывал, что четыре дня сам себя откапывал из-под земли после взрыва. Тяжелораненый. Без воды и еды», — уточнила она.
Ранее сообщалось, что механик-водитель башкирского танкового батальона с позывным Робин увел танк с линии огня Вооруженных сил Украины (ВСУ) и спас экипаж машины из-под обстрела, несмотря на то, что потерял руку в бою."
Раскрыто число детей мигрантов в Петербурге,https://lenta.ru/news/2025/04/13/raskryto-chislo-detey-migrantov-v-peterburge/,2025-04-13 23:37:00,"Санкт-Петербург занял третье место по числу детей-мигрантов. По данным Минпросвещения, сейчас в городе 19 622 ребенка школьного возраста, не владеющих или слабо владеющих русским языком, отмечает ТАСС.
По данным ведомства, это в два раза меньше, чем в Подмосковье (44 422), и в 1,5 раза меньше, чем в Москве (25 963).
Как заявили в Минпросвещения, в Москве есть шесть площадок для прохождения тестирования, а в Московской области и Санкт-Петербурге — 18. В Свердловской области находятся более 45 образовательных организаций, в которых дети мигрантов смогут пройти тестирование.
Ранее в России детей мигрантов начали тестировать перед приемом в школы на знание русского языка. Первые результаты новых правил депутаты обсудят в рамках работы Совета законодателей.
Тестирование детей иностранцев началось в России с 1 апреля. Оно будет проводиться на базе более чем 3170 образовательных площадок в 86 регионах. Больше всего таких площадок находится в Самарской и Ростовской областях."
В США призвали налаживать отношения с Россией,https://lenta.ru/news/2025/04/14/v-ssha-prizvali-nalazhivat-otnosheniya-s-rossiey/,2025-04-13 23:37:00,"Пришло время наладить отношения с Россией, так как Москва не планирует вторгаться в Европу. Такой точкой зрения поделился экс-советник главы Пентагона Дуглас Макгрегор в социальной сети X.
«Глобалистский правящий класс, потерпевший фиаско в Европе, делает все, что в его силах, чтобы создать ложную российскую угрозу», — написал Макгрегор. Но он пояснил, что у России нет планов вторгаться в Европу, так как это не входит в интересы Москвы.
В связи с этим бывший советник руководителя американского военного ведомства заявил, что настало время заключить мир с Россией.
Ранее газета The New York Times написала, что президент США Дональд Трамп в ходе второго срока хочет изменить отношения с Россией, его политика нацелена на то, чтобы Вашингтон сблизился с Москвой."
SHAMAN рассказал о завтраке с Мизулиной,https://lenta.ru/news/2025/04/13/shaman-rasskazal-o-zavtrake-s-mizulinoy/,2025-04-13 23:36:00,"Певец SHAMAN (настоящее имя — Ярослав Дронов) рассказал, как проходит завтрак со своей возлюбленной, главой Лиги безопасного интернета Екатериной Мизулиной. Об этом он высказался в комментарии «Комсомольской правде».
«Ну, мы обычно начинаем свой день традиционно с кофе. Уже часа через полтора завтрак. Курочка, овощной салатик», — отметил SHAMAN.
Певец рассказал, что любит сам мыть посуду. По его словам, работа руками очищает мозг.
Ранее SHAMAN назвал Мизулину самой красивой в мире женщиной. «С кем еще, как не с родными людьми, можно делиться такими моментами. Вы все свидетели — самая красивая женщина в мире под гром аплодисментов 7 тысяч зрителей ответила мне ""Да!"". Просто праздник для моего сердца!» — обратился артист к поклонникам после концерта, где объявил публично о своих отношениях."
Симоньян рассказала о зависти Британии России,https://lenta.ru/news/2025/04/13/britann/,2025-04-13 23:32:00,"Британия столетиями завидовала России, заявила главный редактор международной медиагруппы «Россия сегодня» и телеканала RT Маргарита Симоньян, передает «Россия 1».
По ее словам, Британия не смогла сохранить свою империю, она потеряла ее с позором.
«А мы не можем потерять свою империю, потому что мы все — эта империя и есть. Они не могли ассимилировать тех, кого они завоевали», — добавила она.
Редактор назвала главные принципы становления Российской империи. По ее мнению, это «защита или кого-то, или самих себя».
Ранее российский посол в Великобритании Андрей Келин заявил, что РФ не представляет угрозы для Великобритании."
Симоньян назвала срок завершения конфликта на Украине,https://lenta.ru/news/2025/04/13/simonyan-nazvala-srok-zaversheniya-konflikta-na-ukraine/,2025-04-13 23:32:00,"Главный редактор международной медиагруппы «Россия сегодня» и телеканала RT Маргарита Симоньян предположила, когда может закончиться конфликт на Украине. Об этом она высказалась в эфире программы «Вечер с Владимиром Соловьевым» на телеканале «Россия 1».
Симоньян назвала срок завершения конфликта на Украине и допустила, что это произойдет в 2025 году. По ее словам, наступило время налаживать отношения с Москвой.
«И я вас уверяю, если не произойдет ничего совершенно непредвиденного, то с божьей помощью в этом году закончится этот конфликт, который сейчас происходит, и мы еще увидим, как еще новые цари Иераклии на коленях будут снова просить Россию-матушку забрать их домой», — сказала она.
Ранее Симоньян оценила действия Запада в отношении Украины. По ее мнению, на данный момент Киеву не на что рассчитывать."
Фанаты группы «Кино» закрасили надпись в память о Паше Технике на стене Цоя,https://lenta.ru/news/2025/04/14/fanaty-gruppy-kino-zakrasili-nadpis-v-chest-pashi-tehnika-na-stene-tsoya/,2025-04-13 23:24:00,"Фанаты лидера группы «Кино» Виктора Цоя убрали со стены на Арбате, посвященной музыканту, надпись в память о рэпере Паше Технике (настоящая фамилия — Ивлев). Об этом сообщает Telegram-канал «112».
«Уже утром на стене лаконично красовалась надпись: “Цой жив, Техник мертв”», — говорится в сообщении. Затем в течение дня на место пришли люди с красками и кистями, и вместе вернули стене прежний вид.
Надпись на стене Цоя в честь скончавшегося рэпера появилась 10 апреля, до похорон музыканта. По информации Mash, граффити нарисовали с 02:00 до 04:00. После к стене приставили наряд.
На это граффити сразу ответил один художник — он наклеил сверху граффити с Техником плакаты, где Цой показывает средний палец."
На встречу по безопасности в Черном море приедут иностранные военные,https://lenta.ru/news/2025/04/13/sea/,2025-04-13 23:16:00,"На встречу по безопасности в Черном море приедут иностранные военные, сообщило Министерство обороны (МО) Турции, пишет государственное агентство Anadolu.
По данным издания, 15-16 апреля в штабе командования Военно-морских сил (ВМС) Турции состоится встреча по вопросам безопасности в Черном море.
«В ней будут участвовать военные представители иностранных государств, планируется обсуждение морского аспекта военного планирования для поддержания мира в Черном море», — говорится в сообщении.
При этом список государств в релизе не раскрывается. В англоязычной версии агентства уточняется, что российские представители на мероприятии присутствовать не будут.
Ранее стало известно, что Киев хочет мира до конца 2025 года."
Губерниев высмеял Гашека за слова о русских корнях Гретцки,https://lenta.ru/news/2025/04/13/guberniev-vysmeyal-gasheka-za-slova-o-russkih-kornyah-grettski/,2025-04-13 23:11:00,"Спортивный комментатор Дмитрий Губерниев прокомментировал слова олимпийского чемпиона и двукратного обладателя Кубка Стэнли Доминика Гашека о русских корнях канадского хоккеиста Уэйна Гретцки. Его цитирует «ВсеПроСпорт».
Губерниев заявил, что у Гашека началась агония. «Он превращается из человека разумного в человека умелого, то есть, у него эволюция наоборот. Скоро он станет рептилией и будет грызть лед», — высмеял чеха комментатор.
Ранее Доминик Гашек сделал заявление о русских корнях канадца Уэйна Гретцки. По его словам, дед хоккеиста был наполовину белорусом и наполовину украинцем. «Так что он, скорее всего, не имел никакого отношения к России. Или скорее не имел большого отношения к русским, учитывая историю его страны», — отметил чех.
6 апреля российский нападающий Александр Овечкин превзошел Гретцки по количеству голов в регулярных чемпионатах Национальной хоккейной лиги (НХЛ), забросив 895-ю шайбу. После этого Гретцки заявил: «Мой дедушка был русским, он был бы очень рад, что русский побил мой рекорд»."
Симоньян оценила действия Запада в отношении Украины,https://lenta.ru/news/2025/04/13/simonyan-otsenila-deystviya-zapada-v-otnoshenii-ukrainy/,2025-04-13 23:09:00,"Главный редактор международной медиагруппы «Россия сегодня» и телеканала RT Маргарита Симоньян прокомментировала текущие действия стран Запада в отношении конфликта на Украине. Об этом она высказалась в эфире программы «Вечер с Владимиром Соловьевым» на телеканале «Россия 1».
Симоньян оценила действия Запада в отношении Украины и назвала очевидным желание стран дать заднюю по Украине. По ее мнению, на данный момент Киеву не на что рассчитывать.
«Все ведет к завершению войны. И они в общем-то дают заднюю, я имею ввиду Запад по сравнению с тем, как они вели себя все предыдущие три года, это довольно-таки очевидно», — подчеркнула она.
Ранее Симоньян предрекла превращение удара по Сумам в «новую Бучу». По ее мнению, «это будет сделано с большой поддержкой прессы и другой драматургией, чтобы впечатлить впечатлительного» президента США Дональда Трампа."
Депутат Рады возложил ответственность за удар по Сумам на Зеленского,https://lenta.ru/news/2025/04/13/deputat-rady-vozlozhil-otvetstvennost-za-udar-po-sumam-na-zelenskogo/,2025-04-13 23:02:00,"Депутат Верховной Рады Артем Дмитрук возложил ответственность за удар по Сумам на украинского лидера Владимира Зеленского. Об этом он высказался в своем Telegram-канале.
«Можно много говорить о виновных в случившемся, даже называть имена, фамилии и должности. Но у всей этой бесовщины есть одно имя и фамилия, без должности — Зеленский Владимир!» — говорится в публикации.
Дмитрук счел, что Зеленский жертвует «десятками тысяч жизней гражданский, детей только для одного — продолжения своей власти, утверждения в своих действиях, своей позиции». «Ну и основной цели — служения бесу!» — сказал депутат.
Ранее Зеленский заявил, что число погибших при ударе по Сумам достигло 34 человек.
Депутат Верховной Рады Марьяна Безуглая рассказала, что удар по центру города Сумы пришелся по скоплению военных. Мэр Конотопа Артем Семенихин сообщил, что они отмечали семилетнюю годовщину создания 117-й бригады теробороны в Сумах, куда пришелся удар."
В ходе операции «Поток» получившие множество ранений бойцы продолжали штурм,https://lenta.ru/news/2025/04/14/v-hode-operatsii-potok-poluchivshie-mnozhestvo-raneniy-boytsy-prodolzhali-shturm/,2025-04-13 23:00:00,"В ходе проведения операции «Поток» по освобождению Суджи в Курской области бойцы получали множество ранений, однако продолжали штурм, выполняя поставленную перед ними задачу. Об этом рассказал один из участников операции с позывным Аид, его цитирует РИА Новости.
По его словам, у части военнослужащих было больше десяти ранений, но они продолжали бой, оказав себе первую помощь. «Некоторые бойцы (...) даже не бинтовались, а перетягивали раны скотчем металлическим и шли дальше штурмовать», — сообщил Аид.
По его мнению, благодаря такой самоотверженности и героизму российских солдат удалось освободить большую часть оккупированных Вооруженными силами Украины территорий в течение двух суток.
«Операция ""Поток"" — это пример того, почему фраза ""Умираю, но не сдаюсь"" написана только на русском языке», — резюмировал боец.
Ранее стало известно, что провести операцию «Поток» решили еще в ноябре 2024 года.
Telegram-канал «Военная хроника» писал, что украинские военные заметили вышедших из трубы российских бойцов лишь через несколько часов."
Раскрыты подробности о проведении операции «Поток»,https://lenta.ru/news/2025/04/13/raskryty-podrobnosti-o-provedenii-operatsii-potok/,2025-04-13 22:55:00,"Боец штурмовой бригады «Ветераны» Александр Богачев рассказал, когда было принято решение о штурме Суджи в Курской области с использованием газопровода. Его слова приводит ТАСС.
Богачев раскрыл подробности о проведении операции «Поток» и подчеркнул, что ее решили провести в ноябре 2024 года. Он уточнил, что все газовые трубы находились под давлением, поэтому пришлось стравливать газ.
«Необходимо было стравливать газ с одной из этих труб. Естественно, можно было это сделать быстро, открыто, но тем самым мы могли себя, так сказать, демаскировать», — отметил штурмовик.
Ранее Telegram-канал «Военная хроника» описал подробности операции «Поток». По информации источника, украинские военные заметили вышедших из трубы российских бойцов лишь через несколько часов.
Более 800 российских военнослужащих попали в Суджу по газовой трубе. Штурмовики ползли по ней 14 километров, им не хватало воздуха и воды. Операцию назвали «Поток»."
На Западе рассказали об уничтожении танков НАТО на Украине,https://lenta.ru/news/2025/04/13/nato/,2025-04-13 22:51:00,"Вооруженные силы (ВС) России с высокой эффективностью и скоростью уничтожают танки, поставленные странами НАТО Украине Об этом пишет National Security Journal (NSJ).
По данным издания, российская армия смогла эффективно и легко уничтожить украинскую бронетехнику благодаря использованию FPV-дронов, барражирующих боеприпасов Lancet и противотанкового ракетного комплекса (ПТРК) «Корнет».
Журналисты рассказали, что «Корнет» вывел из строя множество танков западного производства с толстой броней.
Ранее сообщалось, что российские военные уничтожили три танка ВСУ в Курской области FPV-дронами."
ВСУ зверски расправились с договаривавшимся о сдаче в плен командиром,https://lenta.ru/news/2025/04/14/vsu-zverski-raspravilis-s-dogovarivavshimsya-o-sdache-v-plen-komandirom/,2025-04-13 22:43:00,"Солдаты Вооруженных сил Украины (ВСУ) расправились со своим командиром, который вел переговоры с российской стороной, чтобы добровольно сдаться в плен. Об этом сообщает ТАСС со ссылкой на силовые структуры.
«Несколько дней назад нам стало известно, что офицер ВСУ, который вел переговоры с российской стороной, был зверски убит на территории монастырского комплекса», — говорится в сообщении.
Уточняется, что пострадали и несколько сослуживцев погибшего, так как они также поддержали решение командира о сдаче в плен.
Ранее в плен под Часовым Яром сдались двое украинских военнослужащих. Они пояснили, что не видели никакого смысла в сопротивлении российским солдатам."
В Одессе раздались взрывы,https://lenta.ru/news/2025/04/13/v-odesse-razdalis-vzryvy/,2025-04-13 22:36:00,"Не менее пять взрывов раздались в Одессе. Об этом написал Telegram-канал «Военный обозреватель».
Известно, что взрывы прогремели в портовой зоне города. В публикации уточняется, что российские беспилотные летательные аппараты (БПЛА) «Герань-2» ведут работу по своим целям.
До этого взрывы в Одессе прогремели 12 апреля .Информация об этом была опубликована в 1:51 по московскому времени. Где именно они произошли, не уточняется.
Спустя одиннадцать минут стало известно о новых взрывах в городе. До этого их зафиксировали в Сумах на севере Украины."
В ЮАР назвали цель предстоящего визита Зеленского,https://lenta.ru/news/2025/04/14/v-yuar-nazvali-tsel-predstoyaschego-vizita-zelenskogo/,2025-04-13 22:29:00,"Президент Украины Владимир Зеленский намерен посетить Южно-Африканскую Республику (ЮАР), чтобы добиться продолжения конфликта, заручившись поддержкой Глобального Юга. Такой точкой зрения поделился член республиканского парламента и глава партии «Движение за преобразование Африки» Вуйо Зунгула, его слова передает RT.
«Делается это только из-за того, что Соединенные Штаты решили больше не предоставлять ему [Зеленскому] финансирование. Он едет просто из стремления поддержать свою актуальность», — сказал Зунгула.
Политик отметил, что украинский лидер не планирует говорить с теми, кто бы мог предоставить какие-то решения для урегулирования конфликта. Зунгула подчеркнул, что Зеленский совершает турне по разным странам с самого начала конфликта.
RT отмечает, что поездка президента Украины в ЮАР запланирована на 24 апреля.
Ранее депутат Верховной Рады Александр Дубинский заподозрил Зеленского в подготовке к выборам на Украине."
Военный аналитик оценил удар по скоплению бойцов ВСУ в Сумах,https://lenta.ru/news/2025/04/13/analitik/,2025-04-13 22:28:00,"Ракетный удар российских военных по одному из административных зданий в Сумах, где проходила церемония награждения личного состава бригады Вооруженных сил Украины (ВСУ), стал возможен благодаря заранее полученным разведывательным данным. Об этом рассказал военный аналитик Игорь Коротченко, пишет ТАСС.
Он оценил удар Вооруженных сил (ВС) РФ по месту встречи иностранцев с ВСУ в Сумах.
«Это свидетельствует о том, что в Сумах развернута и действует российская агентурная сеть, информирующая об оперативной обстановке», — уточнил он.
Специалист добавил, что поступившая первичная разведывательная информация была переподтверждена из других источников.
Ранее стало известно, что удар по Сумам был нанесен во время награждения бойцов ВСУ и иностранных наемников."
На Украине выступили с новым обвинением в адрес главы Сумской области,https://lenta.ru/news/2025/04/13/na-ukraine-vystupili-s-novym-obvineniem-v-adres-glavy-sumskoy-oblasti/,2025-04-13 22:23:00,"Мэр Конотопа Артем Семенихин заявил, что взрыв в Сумах 24 марта, в результате которого пострадали около ста человек, не был вызван ракетным ударом. Его слова передает «Страна.ua».
Он обвинил губернатора Сумской области Владимира Артюха в намеренной лжи по этому поводу. «Артюх рассказывал о прилете ракеты якобы по городу Сумы. А на самом деле этот мерзавец просто решил что-то поставить, сложить в центре Сум, и потом что-то произошло», — сказал Семенихин.
«Страна.ua» отмечает, что в местных пабликах предполагали, что взорвались боеприпасы, которые хранились среди жилой застройки. При этом, согласно официальной версии, по городу был нанесен ракетный удар.
Ранее мэр Конотопа призвал губернатора региона уйти в отставку и извиниться после российского удара по Сумам 13 апреля."
ВСУ ударили по Херсонской области,https://lenta.ru/news/2025/04/13/vsu-udarili-po-hersonskoy-oblasti/,2025-04-13 22:22:00,"Губернатор Херсонской области Владимир Сальдо заявил, что Вооруженные силы Украины (ВСУ) ударили по региону, работает система противовоздушной обороны (ПВО). Об этом он сообщил в своем Telegram-канале.
«Зафиксированы сбития нескольких БПЛА над акваториями Черного и Азовского морей, а также в небе над Нижнесерогозским и Геническим муниципальными округами», — сообщил Сальдо.
По его словам, также зафиксированы прилеты по коммунальной инфраструктуре и дорожной технике. Информация о пострадавших уточняется.
Ранее Сальдо заявил, что Владимир Зеленский срывает все мирные инициативы президента США Дональда Трампа по Украине. Политик назвал Зеленского «марионеткой нижнего уровня», которая беспрекословно выполняет указания. Губернатор подчеркнул, что мирным инициативам Трампа противостоят представители финансово-олигархической элиты и их ставленники из руководства государств и ряда международных организаций."
В ЕС начали готовить предложения для отмены пошлин США,https://lenta.ru/news/2025/04/13/v-es-nachali-gotovit-predlozheniya-dlya-otmeny-poshlin-ssha/,2025-04-13 22:20:00,"Перед встречей премьер-министра Италии Джорджи Мелони с президентом США Дональдом Трампом для переговоров по поводу пошлин, запланированной на 17 апреля, Еврокомиссия обращалась к странам-членам ЕС с вопросом о готовности закупать больше американских газа и оружия. Об этом написала газета Corriere della Sera без указания источников.
Уточняется, что в европейских странах начали готовить предложения для отмены пошлин США. Журналисты утверждают, что Италия «дала зеленый свет» по обоим пунктам после оценок, которые сделало правительство вместе с нефтегазовой компанией Eni и предприятиями из оборонной промышленностью, среди которых Leonardo. Власти общались с производствами, способными сотрудничать с США, а также с теми, кто уже занимается этим.
2 апреля Трамп подписал указ о повышении импортных пошлин на продукцию из 185 стран. Базовая ставка составила 10 процентов, однако для ряда государств пошлины достигли 30-55 процентов.
Наиболее высокие тарифы оказались у Камбоджи (49 процентов), Вьетнама (46 процентов), Таиланда (36 процентов) и Китая (34 процента). Решение ужесточить торговлю Трамп объяснил усиливающимся торговым дисбалансом, угрожающим национальной безопасности США."
Новосибирский чиновник потратил взятку на покупку бронетехники для СВО,https://lenta.ru/news/2025/04/13/vzatka/,2025-04-13 22:12:00,"Глава АО «Корпорация развития Новосибирской области» Александр Зырянов потратил взятку на покупку бронированных автомобилей «Газель», которые затем были отправлены в зону проведения спецоперации (СВО). Об этом пишет «Коммерсант» («Ъ»).
По данным издания, на покупку пяти бронированных «Газелей» потратили около трех миллионов рублей. Это в том числе сумма, полученная в качестве взятки. Как уточнили журналисты, в апреле 2024 года бронетехнику отправили в Донецк.
«Зырянову было предъявлено обвинение в совершении двух преступлений, предусмотренных статьей 290 УК РФ — получение взятки в особо крупном размере и покушение на взятку», — говорится в сообщении.
В июне 2024 года стало известно о возбуждении уголовного дела в отношении Зырянова и председателя совета директоров УК «Промышленно-логистический парк» Александра Гоманова."
Названы опасные для мужчин после 40 лет упражнения,https://lenta.ru/news/2025/04/13/nazvany-opasnye-dlya-muzhchin-posle-40-let-uprazhneniya/,2025-04-13 22:03:00,"Фитнес-тренер Дэвид Лоуренс назвал упражнения, опасные для мужчин после 40 лет. Его слова приводит Men Today.
Первым опасным упражнением эксперт посчитал жим штанги из-за головы, так как он может негативно сказаться на состоянии плечевых суставов. Следующими станут приседания в тренажере Смита и тяга штанги к подбородку, так как они увеличивают риск травм.
Последним Лоуренс указал жим ногами и тягу верхнего блока за голову. При тренировках он посоветовал соблюдать баланс интенсивности и восстановления.
Ранее эксперт по осанке и естественному омоложению Ольга Махова назвала опасные для полных людей упражнения. Эксперт заявила, что при такой комплекции противопоказано бегать и прыгать на скакалке."
Раскрыто состояние пострадавших при ударе по Сумам,https://lenta.ru/news/2025/04/14/raskryto-sostoyanie-postradavshih-pri-udare-po-sumam/,2025-04-13 21:57:00,"После удара по Сумам в медицинские учреждения были доставлены почти 70 пострадавших. Некоторые находятся в тяжелом состоянии. Эти данные раскрыл президент Украины Владимир Зеленский в Telegram-канале.
«68 пострадавших находятся в медицинских учреждениях. Из них восемь — в тяжелом состоянии», — написал украинский лидер. Он подчеркнул, что врачи оказывают раненым всю необходимую помощь.
Зеленский добавил, что экстренные службы страны работают над ликвидацией последствий ударов.
Ранее сообщалось, что удар пришелся по скоплению военных Вооруженных сил Украины, собравшихся на награждение.
Госслужба Украины по чрезвычайным ситуациям в свою очередь сообщала, что жертвами удара стали 34 человека, еще 117 человек пострадали."
Симоньян предрекла превращение удара по Сумам в «новую Бучу»,https://lenta.ru/news/2025/04/13/simonyan-predrekla-prevraschenie-udara-po-sumam-v-novuyu-buchu/,2025-04-13 21:50:00,"Удар по Сумам будет выдан за «новую Бучу», заявила в своем Telegram-канале главред медиагруппы «Россия сегодня» и RT Маргарита Симоньян.
По ее мнению, «это будет сделано с большой поддержкой прессы и другой драматургией, чтобы впечатлить впечатлительного» президента США Дональда Трампа. Симоньян подчеркнула, что украинские власти «будут пытаться сделать новую Бучу постоянно», потому что «это единственный способ для них сейчас продлить войну».
Ранее президент Украины Владимир Зеленский заявил, что число погибших при ударе в Сумах достигло 34 человек.
Депутат Верховной Рады Марьяна Безуглая рассказала, что удар по центру города Сумы пришелся по скоплению военных. Мэр Конотопа Артем Семенихин сообщил, что они отмечали семилетнюю годовщину создания 117-й бригады теробороны в Сумах, куда пришелся удар."
На Украине заявили о 34 погибших при ударе по Сумам,https://lenta.ru/news/2025/04/13/ukr/,2025-04-13 21:40:00,"В результате удара по Сумам погибли 34 человека. Об этом в Telegram-канале сообщила Госслужба Украины по чрезвычайным ситуациям (ГСЧС).
«По состоянию на 21:00 (время совпадает с московским) в результате происшествия погибли 34 человека, из них двое детей. Травмированы 117 человек, из них 15 детей», — отметили в ведомстве.
Ранее стало известно, что во время удара по Сумам Вооруженные силы Украины (ВСУ) прикрылись гражданскими.
До этого сообщалось, что удар пришелся по скоплению военных, собравшихся на награждение."
В Курской области нашли украинский беспилотник весом 200 килограммов,https://lenta.ru/news/2025/04/14/v-kurskoy-oblasti-nashli-ukrainskiy-bespilotnik-vesom-200-kilogrammov/,2025-04-13 21:35:00,"В Курской области 13 апреля обнаружили упавший украинский беспилотник (БПЛА), способный нести до 50 килограммов нагрузки. Общий вес летательного аппарата составляет 200 килограммов, рассказал временно исполняющий обязанности губернатора региона Александр Хинштейн в Telegram-канале.
Как уточнил глава области, находка была сделана на территории Глушковского района. «Из-за своих габаритов этот БПЛА способен поднимать до 50 килограммов, пролетать со скоростью 150 километров в час до тысячи километров! Не нужно говорить о том, какой урон он способен причинить», — написал Хинштейн.
Он добавил, что место падения беспилотника уже оцепили, вскоре саперы приступят к разминированию.
Днем 13 апреля над Курской и Брянской областями было сбито два беспилотника Вооруженных сил Украины (ВСУ). Также сообщалось, что за прошедшие сутки в Курской области ВСУ потеряли до 190 военнослужащих и военную технику."
На Украине опровергли встречу с представителями России в Турции,https://lenta.ru/news/2025/04/13/ukraina-oprovergla-vstrechu-s-predstavitelyami-rossii-v-turtsii/,2025-04-13 21:34:00,"Информация о запланированной на 15-16 апреля встрече представителей России и Украины по вопросам безопасности в Черном море в Турции не соответствуют действительности. Об этом сообщил телеканал ТСН со ссылкой на главу МИД Украины Андрея Сибигу.
Ведущая телеканала заявила, что министр опроверг планы по переговорам Москвы и Киева о безопасности в Черном море. «Ничего такого, говорит Андрей Сибига, не планировалось», — подчеркнула она.
Ранее сообщалось, что переговоры России и Украины по безопасности судоходства в Черном море должны пройти 15-16 апреля. Об этом заявил телеканал CNN Turk, сославшись на источники в Минобороны Турции. Предполагалось, что переговоры состоятся в Анкаре.
10 апреля в Стамбуле прошли переговоры российской и американской делегаций. Встреча продвинула нормализацию работы посольств двух государств. Пресс-секретарь президента России Дмитрий Песков уточнил, что ситуация вокруг Украины на этих переговорах не обсуждалась."
Российский военный обезвредил дрон ВСУ палкой,https://lenta.ru/news/2025/04/13/dron/,2025-04-13 21:32:00,"Российский военный ударом палки обезвредил дрон Вооруженных сил Украины (ВСУ), который пытался атаковать. Видео инцидента появилось в Telegram-канале военкора Евгения Лисицына.
На кадрах боец с палкой идет среди деревьев. Его атакует беспилотник. Благодаря быстрой реакции военнослужащий обезвреживает аппарат.
25 марта американский видеоблогер и независимый журналист Патрик Ланкастер снял кадры противостояния солдат Вооруженных сил РФ и украинского беспилотника, следовавшего за машиной, в которой ехал репортер. На кадрах видно, как один из бойцов замечает летящий позади автомобиля дрон, после чего по нему открывается огонь из огнестрельного орудия. После сбития беспилотника в машине раздаются радостные возгласы."
В США заявили о планах Трампа превратить Россию в родственную душу Америки,https://lenta.ru/news/2025/04/14/v-ssha-zayavili-o-planah-trampa-prevratit-rossiyu-v-rodstvennuyu-dushu-ameriki/,2025-04-13 21:29:00,"Президент США Дональд Трамп в ходе второго срока хочет изменить отношения с Россией, его политика нацелена на то, чтобы Вашингтон сблизился с Москвой. С такой точкой зрения выступила газета The New York Times (NYT).
Как указывается в материале, на протяжении долгого времени Соединенные Штаты воспринимали Россию как страну, которая может быть фоном, чтобы Вашингтон мог утвердить свои диаметрально противоположные ценности.
«Россия — это воображаемый близнец или темный двойник Америки, сестра-сверхдержава, которую Соединенные Штаты вечно либо демонизируют, либо пытаются переделать по своему образу и подобию», — пишет газета. Однако она отмечает, что так было до вступления Трампа в должность американского лидера.
Сейчас президент США якобы хочет превратить Россию в свою родственную душу, на что указывает его политика и риторика. Для этого он, как пишет NYT, пытается изолировать Китай, в то же время выстраивая более тесные связи с Москвой. В подтверждение этих слов газета напоминает слова американского вице-президента Джей Ди Вэнса, который говорил, что было бы смешно для США «толкать Россию в руки китайцев».
12 апреля стало известно, что Трамп на год продлил действие пакета антироссийских санкций, введенного его предшественником Джо Байденом."
В Раде раскрыли планы Зеленского в отношении России,https://lenta.ru/news/2025/04/13/v-rade-raskryli-plany-zelenskogo-v-otnoshenii-rossii/,2025-04-13 21:25:00,"Депутат Верховной Рады Александр Дубинский, находящийся в СИЗО по подозрению в госизмене, заявил, что президент Украины Владимир Зеленский хочет предложить американскому лидеру Дональду Трампу альтернативный план по Украине. Об этом он написал в Telegram-канале
Дубинский раскрыл планы Зеленского в отношении России и подчеркнул, что тот стремится продолжить конфликт.
«При помощи Франции и Британии Зеленский предлагает Трампу продолжить войну — то есть, создает параллельный мирному проект, которым предлагает воспользоваться США, если у них не сложится с Росссией», — сказал он.
Ранее глава дипломатии Евросоюза Кая Каллас заявила о провале встречи «коалиции желающих» по Украине. Она призналась, что государства, входящие в объединение, обладают разными мнениями по вопросу урегулирования украинского конфликта, из-за чего переговоры пока не дали результатов."
В России призвали власти выступить с заявлением по поводу удара по Сумам,https://lenta.ru/news/2025/04/13/v-rossii-prizvali-vlastey-vystupit-s-zayavleniem-po-povodu-udara-po-sumam/,2025-04-13 21:25:00,"России надо сформулировать свою версию случившегося и выразить соболезнования по поводу гибели мирных жителей после удара по Сумам, заявил в своем Telegram-канале российский политолог Сергей Марков.
«Нельзя сдавать информационное пространство противнику в важные моменты времени и важным проблемам. Позиция России должна звучать громко», — подчеркнул он, отметив, что сейчас после заявлений западных и украинских политиков формируется мнение мирового сообщества.
Марков вместе с этим предложил призвать украинские власти «перестать собирать на военные мероприятия детей и вообще гражданских людей».
Ранее президент Украины Владимир Зеленский заявил, что число погибших при ударе в Сумах достигло 34 человек.
Депутат Верховной Рады Марьяна Безуглая рассказала, что удар по центру города Сумы пришелся по скоплению военных. Мэр Конотопа Артем Семенихин сообщил, что они отмечали семилетнюю годовщину создания 117-й бригады теробороны в Сумах, куда пришелся удар."
Стали известны подробности удара по Сумам,https://lenta.ru/news/2025/04/13/sum/,2025-04-13 21:16:00,"Во время удара по Сумам Вооруженные силы Украины (ВСУ) прикрылись гражданскими. Об этом сообщил Telegram-канал «Архангел спецназа».
Отмечается, что одна из ракет пришлась точно по зданию конгресс-центра Сумского государственного университета, где проходило мероприятие военнослужащих 117-й отдельной бригады территориальной обороны.
«Вторая ракета то ли из-за неточности, то ли из-за воздействия РЭБ попала немного в другое место, из-за чего погибли и пострадали гражданские», — указал источник.
По его данным, российские войска били целенаправленно по скоплению ВСУ, которые в преддверии награждения согнали гражданских в это место.
Ранее народный депутат Верховной Рады Марьяна Безуглая заявила, что ВС России ударили по скоплению военных. Позже стали известны подробности: ликвидированы военные, которые пришли на награждение."
Военный эксперт рассказал о спасенной от военных действий церковной утвари,https://lenta.ru/news/2025/04/13/voennyy-ekspert-rasskazal-o-spasennoy-ot-voennyh-deystviy-tserkovnoy-utvari/,2025-04-13 21:16:00,"Военнослужащие Вооруженных сил Российской Федерации (ВС РФ) спасли церковную утварь от военных действий. Об этом рассказал военно-политический эксперт Ян Гагин, передает РИА Новости.
«Мы находимся в селидовской исправительной колонии. Естественно, мы обследовали территорию, нашли следы пребывания военнослужащих ВСУ и нашли церковь, которая была разграблена военнослужащими Украины (...). Наши бойцы, когда заняли этот объект для того, чтобы сохранить оставшуюся церковную утварь, перенесли иконы, перенесли церковную утварь», — рассказал Гагин.
По его словам, военные готовы помочь представителям Русской православной церкви и вернуть церковную утварь, найденную в Вербное воскресенье.
Ранее Гагин сообщил, что положение Вооруженных сил Украины (ВСУ) в районе Покровска в Донецкой народной республике (ДНР) близко к критическому. К этому привело нарушение логистики ВСУ. Однако какое-то количество боеприпасов гарнизон продолжает получать, пояснил он."
ВСУ ударили по Каменке-Днепровской в Запорожской области,https://lenta.ru/news/2025/04/14/vsu-udarili-po-kamenke-dneprovskoy-v-zaporozhskoy-oblasti/,2025-04-13 21:12:00,"Вооруженные силы Украины (ВСУ) нанесли удар по городу Каменка-Днепровская, расположенному в Запорожской области. Целью атаки стали дома гражданских, рассказал председатель комиссии Общественной палаты РФ по вопросам суверенитета, сопредседатель координационного совета по интеграции новых регионов Владимир Рогов, его цитирует РИА Новости.
«Боевики ВСУ нанесли массированный удар по городу Каменке-Днепровской из РСЗО [реактивной системы залпового огня] Vampire чешского производства», — сообщил Рогов.
Он отметил, что зафиксировано минимум четыре прилета. При этом ВСУ пытались попасть в дома мирных граждан. Пока информация о пострадавших и разрушениях не поступала.
Ранее стало известно, что ВСУ атаковали мост через реку Обеста в Рыльском районе Курской области. Он расположен в двух километрах от границы с Украиной."
Первая переданная России северокорейская Koksan якобы уничтожена в Курской области,https://lenta.ru/news/2025/04/13/pervaya-peredannaya-rossii-severokoreyskaya-koksan-yakoby-unichtozhena-v-kurskoy-oblasti/,2025-04-13 21:02:00,"В Курской области якобы уничтожена первая самоходная артиллерийская установка (САУ) M1989 Koksan переданная России Северной Кореей. Об этом сообщает «Военный осведомитель» со ссылкой на украинские источники.
«Самоходку подловили FPV-дроны в момент транспортировки», — говорится в сообщении. Другие подробности не приводятся, официального подтверждения этой информации также нет.
Ранее сообщалось, что появились новые фото северокорейской артиллерии в зоне проведения специальной военной операции.
В июне в ходе визита президента России Владимира Путина в КНДР лидеры двух стран договорились о всеобъемлющем стратегическом партнерстве. В начале ноября Путин подписал закон о ратификации договора о партнерстве с Северной Кореей. Через несколько дней сообщили, что КНДР также ратифицировала совместный с Россией договор о стратегическом партнерстве."
Жертвой атаки украинского дрона в российском регионе стал водитель грузовика,https://lenta.ru/news/2025/04/13/zhertvoy-ataki-ukrainskogo-drona-v-rossiyskom-regione-stal-voditel-gruzovika/,2025-04-13 20:52:00,"Житель Белгородской области стал жертвой удара украинского дрона по грузовику. Об этом сообщил глава региона Вячеслав Гладков в Telegram-канале.
Беспилотник Вооруженных сил Украины атаковал грузовой автомобиль в поселке Ракитное. Ранения, не совместимые с жизнью, получил водитель. Губернатор принес соболезнования родным и близким мужчины.
В Минобороны России сообщили, что ВСУ за сутки два раза ударили по объектам энергоинфраструктуры России в Белгородской области. В результате обстрела энергообъекта в приграничье без электроснабжения осталось свыше 600 жителей в Шебекинском округе."
Названа сумма призовых футболистам «Зенита» за победу над «Краснодаром»,https://lenta.ru/news/2025/04/13/nazvana-summa-prizovyh-futbolistam-zenita-za-pobedu-nad-krasnodarom/,2025-04-13 20:47:00,"Футболисты петербургского «Зенита» получат призовые за победу над «Краснодаром» в матче 24-го тура Российской премьер-лиги (РПЛ). Об этом сообщает Sport24.
По информации источника, в случае победы каждому игроку обещали по 110 тысяч евро. При этом при разгромном выигрыше с разницей в три мяча и более — по 250 тысяч евро.
Ранее 13 апреля «Зенит» одержал разгромную победу над «Краснодаром». Встреча прошла на стадионе «Санкт-Петербург» и завершилась со счетом 4:1 в пользу хозяев.
Таким образом, после 24 матчей «Краснодар» остается лидером РПЛ, имея в активе 52 очка. «Зенит» располагается на втором месте в турнирной таблице РПЛ, набрав 50 очков."
Власти Украины назвали число погибших в Сумах,https://lenta.ru/news/2025/04/13/vlasti-ukrainy-nazvali-chislo-pogibshih-v-sumah/,2025-04-13 20:42:00,"Президент Украины Владимир Зеленский заявил, что число погибших при ударе в Сумах достигло 34 человек. Об этом он сообщил в своем Telegram-канале.
По его словам, причиной взрывов стали две баллистические ракеты, удар пришелся по центру города.
При этом ранее Государственная служба по чрезвычайным ситуациям Украины сообщила о 32 погибших и более 80 раненых.
В свою очередь, депутат Верховной Рады Марьяна Безуглая заявила, что удар по центру города Сумы пришелся по скоплению военных. Она попросила главнокомандующего Вооруженными силами Украины Александра Сырского и командующего теробороной Игоря Плахуту не собирать военных на награждение в городах.
Мэр Конотопа Артем Семенихин сообщил, что украинские военные отмечали семилетнюю годовщину создания 117-й бригады теробороны в Сумах, куда пришелся удар."
Слова Макрона о России вызвали недоумение во Франции,https://lenta.ru/news/2025/04/13/slova-makrona-o-rossii-vyzvali-nedoumenie-vo-frantsii/,2025-04-13 20:34:00,"Французский политик, лидер партии «Патриоты» Флориан Филиппо удивился словам главы республики Эммануэля Макрона о необходимости принудить Россию к прекращению огня. Публикацию он разместил в соцсети X.
Президент Франции в своем посте призвал к решительным мерам для того, чтобы навязать России прекращение огня. При этом, по словам Макрона, Франция неустанно работает над этим вместе со своими союзниками.
«Что это значит?! ""Навязать"" прекращение огня, отправив еще больше оружия, денег и даже французских солдат на Украину?» — возмутился в ответ Филиппо. Политик также обвинил французского лидера в том, что своими действиями он приближает не перемирие, а третью мировую войну.
Ранее аналитик Центра политических исследований Sciences Po в Париже Брюно Котре заявил, что Макрону теперь доверяет лишь каждый четвертый француз. В частности, по мнению эксперта, избиратели не верят, что французский лидер сможет принять решительные меры в отношении конфликта на Украине."
Минобороны сообщило об уничтожении БПЛА ВСУ над Брянской и Курской областями,https://lenta.ru/news/2025/04/13/minoborony-soobschilo-o-sbitii-bpla-vsu-nad-bryanskoy-i-kurskoy-oblastyami/,2025-04-13 20:25:00,"Два беспилотника самолетного типа Вооруженных сил Украины (ВСУ) были сбиты над Брянской и Курской областями. Об этом сообщило Министерство обороны России в своем Telegram-канале.
«В период с 16:30 до 19:00 мск дежурными средствами ПВО уничтожены два украинских беспилотных летательных аппарата самолетного типа», — указано в сообщении ведомства.
Губернатор Брянской области Александр Богомаз поблагодарил подразделения ПВО за работу и сообщил, что пострадавших и разрушений в результате атаки нет.
Ранее Минобороны сообщило, что в Курской области ВСУ за сутки потеряли до 190 военнослужащих и военную технику. Уничтожены личный состав, танк, БМП и одна бронемашина, 12 автомобилей, реактивная система залпового огня БМ-21 «Град», 4 артиллерийских орудия и три миномета."
На Украине объяснили сбор военных в месте удара ВС России в Сумах,https://lenta.ru/news/2025/04/13/na-ukraine-ob-yasnili-sbor-voennyh-v-meste-udara-vs-rossii-v-sumah/,2025-04-13 20:23:00,"Украинские военные отмечали семилетнюю годовщину создания 117-й бригады теробороны в Сумах, куда пришелся удар ВС России. Об этом сообщил мэр Конотопа Артем Семенихин, передает Strana.ua.
По его словам, военные находились в укрытии и не пострадали. Он также сообщил об уголовном деле из-за сбора бойцов теоробороны. Семенихин обвинил в произошедшем главу Сумской области Владимира Артюха.
Ранее мэр Конотопа призвал губернатора региона уйти в отставку и извиниться за случившееся. В противном случае он обещал раскрыть подробности о сборе военных.
Депутат Верховной Рады Марьяна Безуглая сообщала, что удар пришелся по скоплению военных, собравшихся на награждение. Она напомнила, что за похожие случаи никто из украинских командующих не понес наказания."
Пробравшиеся в тыл ВСУ у Суджи российские бойцы раскрыли детали операции «Поток»,https://lenta.ru/news/2025/04/13/probravshiesya-v-tyl-vsu-u-sudzhi-rossiyskie-boytsy-raskryli-detali-operatsii-potok/,2025-04-13 20:18:00,"Бойцы штурмовой группы, участвовавшие в операции «Поток» по переброске в тыл противника по газовой трубе на территории Курской области, узнали о своей задаче за четыре часа до ее начала. Об этом рассказал командир группы спецназа «Ахмат» с позывным Аид, передает ТАСС.
По его словам, подготовка к операции по проникновению в глубину обороны Вооруженных сил Украины (ВСУ) в районе Суджи проходила в условиях полной секретности с конца февраля. В штурмовую группу отбирались физически крепкие бойцы, не страдающие клаустрофобией. Аид поставил перед ними задачу за четыре часа до выдвижения и захода в газовую трубу.
Они, «как и подобает русскому воину», выслушали спокойно, без вопросов и сомнений пошли за командиром «в темноту трубы», добавил Аид.
Боец штурмовой бригады «Ветераны» Александр Богачев рассказал, что после принятия решения о проведении операции с использованием трубы необходимо было скрытно стравливать газ из нее, чтобы не раскрыть планов перед противником. Давление было в пределах 12 атмосфер, а в действующей трубе порядка 60 атмосфер, добавил он.
В Курске открылась выставка, посвященная операции «Поток», на которой выставлен макет газовой трубы диаметром 144 сантиметра, по которой шли военнослужащие Вооруженных сил России, обмундирование, электромопеды и газовое оборудование, фотографии участников операции с их рассказами о пережитом."
Опубликовано видео с жалобами командира ВСУ на мобилизованных,https://lenta.ru/news/2025/04/13/opublikovano-video-s-zhalobami-komandira-vsu-na-mobilizovannyh/,2025-04-13 20:14:00,"В сети появилось видео с предполагаемым командиром Вооруженных сил Украины (ВСУ), жалующимся на качество присылаемого на фронт пополнения. Ролик в своем Telegram-канале опубликовало украинское издание «Страна».
«Пришло ко мне, к примеру, 50 человек. Один — сразу в СОЧ. Осталось 49. Из них 25 — вроде как ограниченно пригодные, сразу показали соответствующие справки», — сказал представитель ВСУ.
Герой ролика также выразил недоумение относительно отбора мобилизованных в военкоматах и учебных центрах.
Ранее в ВСУ заявили, что за последний месяц ситуация для украинской армии ухудшилась. Спикер 66-й отдельной механизированной бригады имени князя Мстислава Храброго Анастасия Блищик отметила, что у Вооруженных сил России наблюдается преимущество в живой силе и беспилотниках."
Трамп пошутил над Байденом,https://lenta.ru/news/2025/04/13/tramp-poshutil-nad-baydenom/,2025-04-13 19:51:00,"Президент США Дональд Трамп сравнил свой график и стиль общения с прессой со своим предшественником Джо Байденом. Соответствующее видео опубликовано в X.
«В отличие от Байдена, я всегда доступен. Думаете, Байден стал бы давать интервью в два часа ночи?» — пошутил политик, общаясь с журналистами поздно ночью. Следом он пошутил, что экс-лидер Соединенных Штатов не стал бы общаться с прессой и в 9 часов утра.
Ранее сообщалось, что Трамп потребовал отказаться от позиции, продвигаемой Байденом, согласно которой американские ценности изначально были вредными и угнетающими. Об этом стало известно из указа нынешнего главы США.
Перед этим Трамп также заявил, что приходится разбираться с последствиями работы его предшественника. При этом он назвал Байдена худшим президентом Америки."
Панарин обратился с просьбой к ФНС из-за долга,https://lenta.ru/news/2025/04/13/panarin-obratilsya-s-prosboy-k-fns-iz-za-dolga/,2025-04-13 19:49:00,"Российский нападающий клуба Национальной хоккейной лиги (НХЛ) «Нью-Йорк Рейнджерс» Артемий Панарин в интервью YouTube-каналу «Это хоккей, брат!» обратился с просьбой к Федеральной налоговой службе (ФНС) России из-за долга.
«Не наказывайте меня. Налоги капают, пени капают. Деньги есть, все заплачу. Просто не могу сейчас», — заявил хоккеист. Он объяснил, что ему нужно изменить информацию в «Госуслугах», чтобы оплатить долг, однако он сможет сделать это только по возвращении в Россию.
3 февраля Telegram-канал Mash сообщил, что Панарин задолжал российской налоговой. Сумма составила 75 тысяч рублей.
Среднегодовая сумма контракта Панарина с «Рейнджерс» составляет 11,6 миллиона долларов. Он является одним из самых высокооплачиваемых игроков НХЛ."
Стало известно о грозящем экс-замминистра обороны Иванову новом уголовном деле,https://lenta.ru/news/2025/04/13/stalo-izvestno-o-grozyaschem-novom-ugolovnom-dele-protiv-eks-zamministra-oborony-ivanova/,2025-04-13 19:47:00,"Бывшему заместителю министра обороны Тимуру Иванову грозит новое дело. Об этом сообщает Telegram-канал Mash.
«Арестованному замминистра обороны Тимуру Иванову грозит новое дело. Его знаменитый особняк из ""Мастера и Маргариты"" могли ремонтировать за счет военного подрядчика», — указано в сообщении.
Как пишет Mash, компания ООО «Дворянское гнездо» арендовала дом на 49 лет и попыталась через суд вернуть деньги, потраченные на последний ремонт, у соинвестора ООО «Оборонспецстрой», связанного с госзаказами министерства обороны. «Дворянское гнездо», как отмечается, хочет компенсировать расходы через военного подрядчика — на то якобы были соответствующие договоренности. Суд отказал в иске в двух инстанциях ввиду отсутствия доказательств. Компании между тем не стали комментировать связь с Тимуром Ивановым.
Ранее стало известно, что общая сумма ущерба по делу в отношении экс-замминистра обороны о растрате и вывода из банка денежных средств превысила 4,1 миллиарда рублей."
Российская стюардесса показала разгромленный мигрантами самолет,https://lenta.ru/news/2025/04/13/rossiyskaya-styuardessa-pokazala-razgromlennyy-migrantami-samolet/,2025-04-13 19:46:00,"Бывшая российская бортпроводница опубликовала видео, на котором запечатлен самолет, разгромленный депортированными из Европы мигрантами. На кадры обратило внимание издание Baza.
На видео заметны разбитые иллюминаторы, вырванный унитаз, поврежденные кресла и панель бортпроводников. Бывшая стюардесса уточнила, что это чартерный рейс из Европы в Африку, подробности и название авиакомпании она не раскрыла, однако добавила, что в данный момент судится с ней.
Автор видео также рассказала, что произошедший инцидент ранее не освещался в СМИ.
Ранее сообщалось, что пассажир авиакомпании American Airlines разозлился из-за того, что не получил желаемую еду в самолете, и устроил дебош."
